GHARPAYY — LEAD MATCHING & LOCATION NORMALIZATION GUIDE,,,,,
AI entity resolution: map any free-text location input → canonical area → PIN code → sub-locality → distance features,,,,,
GHARPAYY LEAD SCHEMA — FIELDS TO CAPTURE & MATCH,,,,,
Field ID,Label,Data Type,Example Input,Normalization Rule,
name,Lead Name,Text,John Doe / Ravi Kumar,Exact match; fuzzy for duplicates,
phone,Mobile Number,10-digit numeric,9876543210,"Normalize: strip +91, spaces, dashes",
email,Email Address,Email,ravi@company.com,"Lowercase, strip whitespace",
office_location,Office / Workplace,Free text,"'Manyata Tech Park', 'Bagmane', 'ITPL'",→ match to tech_parks canonical name → get lat/lng,
current_location,Current Area/Locality,Free text,"'Koramangala 5th block', 'HSR sec 7'",→ normalize → canonical sub-locality → get lat/lng,
preferred_location,Preferred Area to Stay,Free text,"'BTM 2nd stage', 'near Koramangala'",→ normalize → canonical area → suggest nearby PGs,
budget_min,Minimum Budget (₹/mo),Integer,5000,"Numeric; strip commas, 'k' suffix",
budget_max,Maximum Budget (₹/mo),Integer,15000 / '15k',Normalize: 15k → 15000,
room_type,Room Type Preference,Enum,Single/Double/Triple,Normalize to standard enum,
gender,Gender,Enum,Male/Female/Any,Normalize,
occupation,Student or Professional,Enum,Student/Working Professional,Derive from context if not stated,
target_office_id,Matched Tech Park ID,FK → tech_parks,Auto-matched,Nearest tech park from office_location,
target_pin,Matched PIN Code,FK → pincodes,Auto-matched,From canonical area mapping,
dist_office_to_preferred_km,Distance: Office → Preferred Area,Float,2.45,Haversine; pre-computed from matrix,
nearest_metro_station,Nearest Metro to Preferred Area,Text,BTM Layout Metro (Yellow),From metro distance pre-computation,
dist_to_metro_km,Distance to Nearest Metro (km),Float,0.8,Pre-computed,
,,,,,
,,,,,
LOCATION ALIAS DICTIONARY — Map Free Text → Canonical Area,,,,,
Alias / Input Variation,Canonical Name,PIN Code,Zone,,
"koramangala, koramnagala, kora, 5th block, koramangala 5",Koramangala 5th Block,560034,South-East,,
"koramangala 8, kor 8, k8, 8th block kora",Koramangala 8th Block,560034,South-East,,
"koramangala 1, forum mall area, 1st block koramangala",Koramangala 1st Block,560034,South-East,,
"hsr, hsr layout, hsr sector 1, sector1, 27th main",HSR Layout Sector 1,560102,South-East,,
"hsr sector 7, 5th main hsr, hsr sec7",HSR Layout Sector 7,560102,South-East,,
"hsr sector 2, sector2 hsr",HSR Layout Sector 2,560102,South-East,,
"btm, btm2, btm 2nd stage, btm layout 2",BTM Layout 2nd Stage,560076,South,,
"btm 1, btm1, btm 1st stage",BTM Layout 1st Stage,560076,South,,
"jayanagar, jay nagar, jaynagar, jn, jaya nagar 4th",Jayanagar 4th Block,560041,South,,
"jp nagar, jpnagar, j p nagar phase 2",JP Nagar Phase 2,560078,South,,
"indiranagar, indira nagar, ind nagar, 100 feet road",Indiranagar 100 Feet Road,560038,East,,
"whitefield, wf, itpl, whitfield, ITPL area",Whitefield / ITPL,560066,East,,
"electronic city, elc, ecity, e city, electronics city",Electronic City Phase 1,560100,South,,
"bellandur, bellendur, bellandore",Bellandur,560103,South-East,,
"marathahalli, maratha halli, marthahalli, marathon halli",Marathahalli,560037,East,,
"manyata, manyata tech, manyata embassy, nagavara",Manyata Tech Park area,560045,North,,
"bagmane, cv raman nagar, swami vivekananda road area",Bagmane Tech Park area,560093,East,,
"silk board, silkboard, sb junction",Silk Board Junction,560100,South,,
"yelahanka, yalahanka, yelahanka new town",Yelahanka,560063,North,,
"banashankari, bsk, banashankri, banashankari 3rd stage",Banashankari,560050,South,,
"basavanagudi, basavnagudi, bs nagar, gandhi bazaar",Basavanagudi,560004,South,,
"malleswaram, malleshwaram, malleswarm",Malleswaram,560003,North-West,,
"mg road, mfg road, mahatma gandhi rd, brigade road",MG Road / CBD,560001,Central,,
"domlur, dumblur, dom lur",Domlur,560071,East,,
"panathur, panathur road, pana thur",Panathur,560087,East,,
"sarjapur, sarjapur road, sarjapura",Sarjapur Road,560034,South-East,,
"christ college, christ university, christ uni, CU",Christ University,560029,South,,
"iim, iim bangalore, iimb",IIM Bangalore,560076,South,,
"itpb, itpl, international tech park",ITPB / ITPL Whitefield,560066,East,,
"embassy tech village, etv, embassy tv",Embassy TechVillage,560103,South-East,,
"hebbal, hebbala, hebbal flyover",Hebbal,560045,North,,
"yelachenahalli, yelche",Yelachenahalli / JP Nagar,560078,South,,
"rajajinagar, rajaji nagar",Rajajinagar,560025,North-West,,
"yeshwanthpur, yeshwantpur, yeswanthpur",Yeshwanthpur,560022,North-West,,
,,,,,
,,,,,
LEAD MATCHING ALGORITHM — STEP BY STEP,,,,,
Step,Action,Logic / Implementation,Priority,,
Step 1,Input Capture,"Collect: name, phone, email, office_location, current_location, preferred_area, budget_min, budget_max, room_type",,,
Step 2,Normalize Text,"Lowercase all text. Strip punctuation. Expand abbreviations (HSR→HSR Layout, BLR→Bangalore, etc.). Remove trailing/leading spaces",,,
Step 3,Office Location Match,"Fuzzy match office_location text against tech_parks canonical names using token-set ratio (RapidFuzz / fuzzywuzzy). Score ≥ 75 = match. Get (lat, lng) of matched park",,,
Step 4,Area Location Match,Fuzzy match preferred_area / current_location against alias dictionary first (exact+fuzzy). Then against sub_localities canonical names. Confidence score with each match,,,
Step 5,PIN Resolution,From matched canonical area → look up PIN code. Attach zone classification (South/North/East etc.),,,
Step 6,Distance Computation,"Query pre-computed distance matrix: dist(office_lat,office_lng → preferred_area_lat,lng). If not pre-computed, use Haversine formula in real-time",,,
Step 7,Metro Proximity,"For matched area lat/lng, compute distance to all metro stations. Return nearest operational metro station name + distance + line + status",,,
Step 8,Budget Matching,Filter available PG listings by budget_min ≤ rent ≤ budget_max AND area = matched_canonical_area AND room_type = preferred_type,,,
Step 9,Rank & Return,"Rank results by: (1) Distance to office ≤ 5km, (2) Distance to metro ≤ 1.5km, (3) Budget fit, (4) PG rating. Return top 5 options",,,
Step 10,Fallback Logic,If office not matched: ask user to clarify. If area not matched with score ≥ 60: return top-3 closest area suggestions. If no PGs in budget: expand budget ±20% and flag,,,
