,,,
GHARPAYY — BENGALURU GIS MASTER DATASET,,,
Lead Matching & Distance Matrix Framework  |  51 PIN Codes  |  88 Sub-Localities  |  14 Tech Parks  |  116 Metro Stations  |  Generated: 20 March 2026,,,
,,,
SHEET CONTENTS,,,
Sheet Name,Description,,
PIN Codes,51 major Bengaluru PIN codes with centroid coordinates & zone classification,,
Sub-Localities,"88 sub-areas: Koramangala 8 Blocks, HSR 7 Sectors, Jayanagar 9 Blocks, JP Nagar 9 Phases + more",,
Tech Parks,"14 major IT parks with addresses, area, key companies & nearest metro station",,
Metro Stations,116 metro stations across Purple/Green/Yellow/Pink/Blue lines with status & coordinates,,
Landmarks & POIs,"35 key POIs: colleges, malls, junctions, bus/rail stations, metro stations",,
PIN Distance Matrix,Haversine (straight-line) distance matrix between all 51 PIN code centroids,,
Locality Distances,"Key point-to-point distances (Christ Univ, Jayanagar blocks, Tech Parks, etc.)",,
Lead Matching Guide,"NLP entity matching rules, area aliases, normalization dictionary for Gharpayy",,
